All_cells_staining,All_dissected_cells
87.97992,40.00212
88.03864,35.46538
77.23129,38.54732
66.58422,40.40377
84.04501,41.89192
82.20083,41.85606
53.18065,45.40979
64.30772,67.51257
52.08436,62.95203
50.31827,74.92786
61.62704,62.51377
68.11861,59.57739
53.7925,53.4509
81.35837,57.96484
57.76062,64.24541
67.71284,54.83593
68.55968,61.03606
53.58397,56.7933
59.37806,73.67482
74.00833,89.2896
76.88483,78.26242
77.73146,52.24592
82.17988,62.71126
72.97713,65.9833
56.66175,60.51076
79.64672,49.70747
73.30682,60.20391
63.64813,47.68128
64.69492,51.76252
59.52292,61.40127
79.47353,73.39826
51.41871,70.52684
80.73143,54.88763
71.26962,59.48521
55.7269,59.28604
51.68601,57.98819
62.07261,66.67784
41.39793,90.35256
66.0518,64.00227
61.79451,78.27
85.83955,56.00208
71.6913,75.11765
85.35662,85.76859
77.25359,73.48409
79.93813,56.58105
78.31646,67.15353
76.62677,61.15955
52.34824,63.84246
62.69384,64.09286
53.13204,44.59218
38.68806,47.78584
48.85946,58.8277
63.4177,38.27322
66.07787,40.08459
59.10184,30.57609
48.54116,42.48462
43.54725,50.62798
48.04182,59.63718
42.36438,48.73441
47.66388,60.63858
52.29887,55.17833
46.43755,43.14944
47.11872,57.45635
36.55931,34.95481
65.05334,42.21299
48.0239,43.9833
69.25954,41.25142
42.88966,47.63141
61.29074,43.9366
49.26319,59.04363
58.51609,55.9831
55.77325,44.15214
63.56691,47.60114
82.82706,33.14668
80.53918,40.75498
57.58142,42.51511
62.6801,29.71146
62.23888,29.62361
60.41329,46.78756
76.89604,38.3348
53.09962,37.72682
46.47461,47.32319
59.26191,48.10592
59.04353,34.18809
72.39658,43.92798
73.18924,47.10732
88.17548,32.38636
49.08807,37.50852
58.8975,49.66955
50.82912,38.89512
53.48745,33.61645
34.8714,42.70646
55.77325,44.40928
39.63368,43.35176
55.83498,41.82384
60.95259,37.46307
58.36872,38.08865
52.24945,49.93035
62.95429,39.03525
49.08807,37.91738
59.98412,62.53795
49.90582,41.54861
61.40305,40.35863
48.29213,54.5117
40.34438,50.78133
33.6139,42.69248
43.66574,36.5845
37.44374,46.95314
60.54145,68.79701
56.99515,68.4745
44.27292,52.18486
44.98689,53.5905
62.6801,40.52564
56.08122,49.26278
47.10044,45.19577
32.99329,62.00368
34.67327,42.30543
35.79757,58.40327
44.91025,66.37353
52.38114,48.3082
26.92826,53.05892
41.64681,45.55205
51.43546,62.17805
45.17792,44.0112
47.57346,44.24478
41.31463,54.09972
44.03888,57.85824
58.83897,49.09125
59.01435,52.83799
43.82323,63.40539
49.12314,44.78867
44.03888,59.40569
46.64109,62.15241
39.48129,40.78647
35.55617,43.92392
30.24226,42.47206
51.20052,57.8015
39.91516,54.84674
42.62783,44.79529
24.58786,51.95807
34.29868,45.30966
60.11319,48.1506
64.09309,46.06643
51.08265,40.91128
41.56401,42.77262
47.55536,58.96308
41.21027,52.00336
42.38471,43.76197
41.66749,68.65485
35.1175,79.62424
49.71563,52.02011
46.51167,52.92248
49.80217,59.8828
57.34163,55.65673
44.29237,74.80454
35.16651,40.61749
42.18103,52.12834
29.08091,51.47736
35.55617,46.8165
74.43764,44.91886
55.77325,51.27276
40.40836,45.4608
59.34904,42.51438
54.66594,53.59811
62.94061,54.04315
42.30336,37.03091
52.44686,49.60219
48.47014,52.26082
48.23861,61.03363
48.27429,49.256
45.23507,44.01246
45.15885,48.68778
35.98951,50.29514
45.04429,45.45835
39.21867,68.70317
60.01283,47.46461
44.03888,54.13226
56.64655,60.49544
47.48285,54.77504
60.8819,52.00586
72.78807,47.27597
54.14357,72.27247
45.38713,53.23787
44.98689,41.86625
42.42532,42.38292
62.07261,56.95303
63.1046,53.55139
65.58074,54.61675
73.65841,42.80641
43.48787,41.70031
39.76385,56.23728
47.21002,53.40892
43.24959,54.26737
61.66896,59.24287
42.14018,48.36457
40.87455,61.23559
50.21548,77.71544
38.53193,46.42641
46.91725,46.85767
36.46496,62.33945
48.22075,52.68022
41.89423,63.60798
50.91377,43.89605
57.89465,60.65642
48.39902,51.36849
73.31857,53.48973
37.85548,58.67373
31.14019,48.23984
30.83447,65.43626
42.14018,58.75162
50.6254,54.87451
39.3064,57.48092
56.24988,59.43035
48.92992,40.30699
51.68601,57.67994
63.4177,56.86852
67.00969,56.75646
46.53018,63.52083
64.72154,67.76854
44.13655,49.45597
61.4311,53.17767
46.25172,75.77803
43.07,63.78088
57.32661,48.37576
63.86427,68.41366
83.6856,48.72978
42.36438,57.09197
79.70077,58.08687
57.59638,55.7949
42.18103,50.47527
71.75134,51.44963
81.44301,52.75701
49.42027,38.19859
57.9244,58.09783
46.89888,44.61024
72.24177,51.75805
85.91977,46.13953
79.2239,50.55088
65.0401,48.59896
65.85593,52.612
45.02516,51.12691
72.78807,48.49406
53.80851,66.26766
50.98138,57.58052
50.42086,50.31104
39.13073,58.04302
69.97703,49.00336
43.3689,44.72426
64.72154,54.97882
48.22075,37.76279
50.02647,56.04536
70.07541,48.49406
43.52747,40.40165
55.07401,36.97918
40.68448,66.73674
29.02161,55.90888
50.2669,49.99369
53.31004,47.85978
44.38948,51.05214
56.75288,58.01011
69.18491,47.28434
46.1212,42.23516
49.62895,55.02512
66.66178,40.46463
75.82462,55.7949
73.15393,53.72554
50.02647,55.73782
66.27308,77.54683
48.09557,61.46301
55.08965,45.7098
90.93538,44.76694
94.71146,42.1144
85.16471,51.94222
83.10731,50.42479
80.29287,45.80719
50.64241,57.18111
50.31827,55.52038
71.99099,49.0553
86.05998,39.5255
76.92963,43.48288
49.80217,54.37336
61.24858,41.81098
54.98011,69.11726
84.8608,57.492
39.39395,63.31002
42.48618,63.81081
70.60188,46.40095
44.42826,63.07831
53.32619,49.80231
39.80713,49.82788
57.19124,42.49063
54.14357,50.03188
49.45512,48.8863
74.93347,56.8909
40.62093,52.5999
52.47969,42.40064
67.73827,56.11347
76.98558,55.33662
46.28895,55.98853
67.5728,65.63055
72.72889,46.85152
48.05974,46.53795
46.04645,59.9317
52.95345,53.47613
74.4492,59.12965
67.47076,53.03382
60.78279,48.03239
52.3318,61.46301
78.31646,45.50041
54.0321,53.3808
52.5125,33.71947
47.68195,57.83425
52.47969,50.52569
60.89604,40.40165
59.1601,44.1368
42.70856,48.80811
52.75793,60.1861
49.35052,50.97727
46.64109,46.44209
47.08216,76.02128
44.89108,62.71393
45.95284,52.43018
49.08807,52.9978
55.94284,44.62451
45.31116,54.56037
48.75359,57.54734
53.58397,57.15884
81.01893,40.30699
56.35696,42.68496
89.50354,44.38132
82.57713,40.88721
48.13136,46.64725
54.38163,60.51311
47.02724,51.77035
47.06386,55.1176
57.19124,44.82379
53.71239,51.67188
51.31813,51.12691
98.07959,57.37006
52.69258,46.53795
83.98351,38.19859
54.58711,45.34624
44.42826,54.22094
63.17279,44.36697
48.11346,43.73106
54.44493,50.32369
49.50733,36.00219
49.50733,54.47863
37.83272,57.12542
46.47461,59.02189
64.22733,42.06903
56.32638,51.56088
88.07775,43.83285
53.60004,58.1307
43.30928,45.30411
50.81219,43.08577
46.62262,55.65781
45.91533,52.35728
52.41401,47.88637
49.80217,68.37643
51.71931,60.03783
73.99669,45.41639
80.76342,44.76694
49.17571,56.36251
46.43755,54.97882
75.35751,54.1034
55.23017,61.84506
54.12766,73.53535
47.55536,47.64647
39.43763,48.59896
45.00603,60.56569
81.36896,52.76907
77.76469,52.57569
53.90445,52.85345
58.10254,57.40334
67.38136,53.96201
54.82325,63.68098
50.93069,44.4673
34.82197,46.02902
49.95756,54.5487
43.76424,48.92535
58.75109,51.95448
47.17352,45.91824
44.35066,42.80411
46.34472,51.88091
59.63855,57.58052
53.40688,43.78925
52.70893,53.45231
55.68052,36.10814
61.9059,46.70181
49.94032,51.4125
33.04544,46.70181
42.54695,57.2145
50.16399,45.38834
66.351,45.91824
52.41401,50.22238
43.48787,47.45904
45.61425,50.10817
46.77017,41.35167
44.37008,40.27539
47.71805,62.28612
51.0995,49.78953
52.88836,52.79319
50.55732,53.93841
50.47207,51.56088
53.0834,45.77939
40.53604,71.86279
43.92139,55.4056
48.11346,49.24958
48.91231,49.43022
50.52324,48.84722
46.56718,52.38159
48.20288,48.63825
54.9331,51.90544
49.00027,70.71976
37.90094,53.08182
38.55428,48.69057
45.44401,57.92225
53.00222,61.64917
40.97976,71.06998
42.24224,54.24442
43.38874,50.18434
54.15946,50.43741
49.42027,51.46201
42.62783,46.15333
46.15852,52.29645
57.93927,46.76992
49.48993,62.72408
28.57302,45.80719
34.1477,56.77889
44.69882,64.60402
38.42001,49.82788
63.62107,49.46884
65.13273,62.89639
45.29215,55.77208
53.423,49.6615
74.2523,47.60637
61.06551,65.67903
53.55181,44.10794
53.03471,65.35838
60.08454,46.40095
53.35848,41.44394
35.62877,38.33169
52.92091,50.00642
69.70575,52.73287
45.15885,57.38116
65.42297,41.27462
44.85269,39.84632
49.40285,46.04285
52.85578,40.24377
50.09528,44.9939
48.77125,47.39193
39.87199,46.98721
43.80359,40.84047
46.04645,45.19155
45.53867,51.90544
38.93216,58.93554
52.23296,63.22952
44.67955,54.77
42.16062,56.75646
47.53724,49.13311
50.59138,50.41216
42.01738,55.12915
46.10252,54.37336
54.63443,43.73106
39.24061,49.41734
60.91018,41.27462
42.40503,57.34787
59.73954,57.05851
64.46822,51.44963
52.3318,52.11353
56.3111,46.23602
63.71575,77.03616
57.17618,69.3655
46.13985,44.89474
50.30116,63.51081
53.92042,50.01915
49.07052,54.02097
66.27308,42.18991
54.87035,68.06849
39.97985,87.60031
46.78857,44.53883
33.76728,47.91295
38.53193,65.68873
60.41329,45.27599
64.34788,50.12087
48.32779,56.11347
37.85548,64.9676
39.17472,53.85573
63.86427,54.87451
48.36341,51.23885
49.54211,56.80131
35.45916,42.06903
53.63216,47.81985
47.66388,56.93565
41.23117,43.45359
64.80133,52.38159
57.59638,56.40767
55.63411,64.31761
56.75288,66.44036
48.09557,63.17916
57.28152,55.49744
45.74622,47.61974
52.85578,57.60262
47.59156,67.80611
46.13985,64.16897
67.41969,53.32114
43.82323,58.84906
47.64581,62.86601
62.65261,67.26881
47.60965,56.59921
74.86448,59.46248
61.00908,73.74284
45.61425,48.12507
63.8103,79.27617
47.08216,60.82791
33.86914,53.3808
47.41025,53.74924
51.26775,45.47242
39.45947,48.20438
78.60184,46.12573
37.46674,38.11517
37.65018,52.36944
46.64109,40.98052
39.02053,64.00009
48.68288,38.84313
53.43913,57.95521
44.58307,39.3641
68.99793,47.53946
40.38704,53.78476
44.83348,53.79659
40.79018,51.51147
43.76424,46.41467
43.30928,54.39677
32.25414,66.94627
40.30165,42.49063
47.64581,41.04261
41.35631,44.42433
51.86896,48.69057
35.43488,50.51309
51.58593,51.62258
51.90216,55.25603
50.38668,55.30209
54.28653,68.49735
62.33567,52.50299
48.20288,79.30025
56.57049,65.06552
41.1266,54.1857
48.20288,55.9999
50.19833,52.33295
51.3349,39.10448
41.27291,49.546
56.69215,58.08687
36.93428,48.17796
40.34438,48.61206
43.52747,37.79649
47.17352,37.6784
41.41873,52.47873
34.12247,54.04453
51.63599,54.73512
43.10998,47.61974
45.6897,53.34501
28.42193,59.43035
59.17465,51.37534
44.48637,55.10604
42.5267,72.83948
64.80133,72.79576
70.62628,65.63055
65.17238,66.44994
43.94099,60.14378
52.95345,48.6775
51.73597,49.33998
60.59833,46.89227
34.27356,46.22224
46.06514,49.55885
44.11703,57.27011
48.14926,67.77793
52.44686,43.40961
39.69883,47.67319
46.3633,48.15152
46.97228,55.12915
68.4717,48.50718
68.4717,60.67072
35.62877,66.85111
39.82877,53.60692
43.24959,75.4328
32.49355,67.36339
39.10872,47.63311
25.48225,54.88611
41.39793,69.41137
44.52508,46.08431
35.45916,41.64315
40.28028,51.67188
46.41899,59.8573
35.16651,53.21358
40.42967,56.59921
34.67327,54.06809
37.90094,44.9939
52.06782,43.97784
51.53583,45.10695
82.59799,65.59174
56.57049,44.73849
35.16651,46.30481
37.25929,63.82079
45.80267,43.33622
51.30134,64.9774
60.7261,61.88622
48.18501,73.21433
53.88846,54.05631
59.01435,58.16354
49.01784,54.25615
72.22984,48.32309
41.18937,51.4125
43.74456,42.55052
47.06386,58.45832
33.27917,51.43726
43.64601,50.09546
46.78857,70.11404
58.45718,56.28339
51.31813,62.76466
55.27692,64.91859
58.48664,57.69097
43.62629,38.90863
32.44051,54.1622
67.96674,66.02705
36.62991,57.50307
73.96177,60.58671
28.57302,52.50299
62.61137,43.96337
73.86856,48.8863
47.06386,53.51183
45.76504,47.35161
58.72176,54.65364
45.53867,53.46422
40.10887,60.23896
67.35579,47.28434
44.81428,44.36697
55.69599,48.16474
61.61307,45.10695
45.55758,57.46985
42.94986,42.52058
38.7992,49.33998
51.81913,44.66729
33.30504,56.57671
51.15004,47.16301
44.23399,56.3851
39.43763,55.25603
47.35573,61.89651
68.53456,43.26271
37.21303,54.19745
67.9414,62.40865
37.37469,57.83425
46.08383,62.08137
36.88761,60.56569
51.56923,45.80719
39.7855,47.55285
36.03734,58.93554
47.11872,50.33634
48.38122,56.23813
65.15916,71.82734
65.54134,52.78114
54.47656,46.98721
74.15945,59.30167
66.07787,68.70152
69.45821,71.39172
45.1207,55.80631
55.38587,60.90112
78.0521,75.78644
48.36341,47.16301
44.29237,54.5837
42.24224,54.66528
58.45718,50.3869
44.77582,49.39157
47.71805,54.34994
57.65616,70.94446
43.09,58.57799
58.60432,48.87328
55.86581,61.76266
34.44901,58.11974
56.40277,46.97366
52.5289,50.85223
64.50829,60.01662
51.23415,56.91328
55.69599,56.64418
53.14825,56.23813
53.22921,56.75646
62.14195,54.92089
58.56022,47.99261
43.74456,47.19
62.30803,56.30601
57.43166,61.9068
52.01818,60.01662
56.14261,47.96607
44.58307,62.58183
62.05873,63.54087
51.85235,61.91708
60.55568,83.94109
61.98931,57.31455
71.45065,56.75646
45.1207,60.56569
66.12998,60.66022
48.82419,54.502
45.00603,46.74269
51.75261,58.56712
61.61307,46.63361
43.24959,51.13936
44.11703,64.35719
37.87821,48.8863
57.8649,45.90437
57.31158,70.62968
49.80217,65.05573
47.93415,44.93727
32.3075,61.62851
48.92992,58.85987
53.40688,55.10604
52.5289,54.31479
45.29215,47.51267
43.10998,50.36163
41.56401,43.27742
52.06782,63.78088
57.14605,55.94303
55.04272,56.49789
67.61102,47.49927
58.01353,74.2933
52.34824,64.28791
61.64101,42.61032
48.57662,62.68347
40.5785,44.06462
55.27692,42.23516
76.48053,53.45231
58.67775,44.56741
63.29536,65.5432
53.43913,45.21972
52.79057,33.51115
55.74236,70.49435
53.53572,69.83199
56.08122,48.69057
51.01517,42.92293
51.01517,60.71267
47.7361,45.31816
49.22822,59.54807
44.81428,66.77488
65.17238,53.58316
47.64581,52.35728
60.2134,43.35091
45.85904,46.81074
42.88966,63.04803
53.37462,73.61323
45.59536,85.05614
49.76758,80.17847
63.89122,64.90878
77.00795,44.02125
34.44901,43.90541
45.21603,81.64976
,75.54243
,76.72978
,123.6335
,62.91663
,66.02705
,89.43428
,77.0031
,62.48002
,70.03227
,84.54565
,77.96439
,58.95714
,48.83419
,74.37894
,54.42017
,88.85583
,72.17218
,58.8815
,92.1548
,74.6182
,43.8764
,65.56261
,65.67903
,74.13889
,82.14725
,63.9105
,57.2145
,56.68912
,88.81284
,74.27615
,83.53055
,46.5653
,45.3322
,64.92839
,69.30122
,96.53414
,59.61217
,62.66315
,61.31783
,74.49866
,43.05621
,56.93565
,48.12507
,59.62286
,51.16425
,57.63577
,51.01472
,52.55147
,58.07591
,66.01742
,79.10735
,80.61398
,59.04346
,66.77488
,92.76073
,72.98791
,71.43629
,63.82079
,60.93248
,55.85192
,64.12927
,47.83316
,58.80577
,76.74638
,55.14069
,76.93693
,57.81223
,70.71076
,54.19745
,51.81952
,67.74036
,85.16087
,73.0925
,59.8573
,74.17323
,81.36858
,95.13247
,83.20984
,64.5843
,61.44229
,68.44157
,57.63577
,63.98019
,75.15378
,80.04337
,70.54852
,75.05206
,75.33146
,62.77481
,75.95425
,66.06561
,68.62735
,70.13219
,39.5255
,43.68737
,64.4264
,60.82791
,59.79345
,50.96478
,57.92225
,64.48566
,58.61058
,51.0272
,60.22839
,41.56665
,60.59722
,72.72577
,96.25676
,78.21711
,102.7321
,91.65607
,78.73629
,87.90501
,84.34209
,85.23559
,79.00266
,83.50006
,73.82912
,66.62217
,55.29058
,80.87417
,63.23959
,53.86755
,35.43182
,49.63586
,50.22238
,43.59985
,76.71319
,53.00981
,75.95425
,67.89056
,72.91809
,68.38573
,63.42053
,54.66528
,62.04034
,71.64097
,76.5304
,61.24511
,63.13884
,50.45004
,52.06464
,71.26677
,51.99123
,48.83419
,88.12923
,49.95547
,47.93952
,57.44769
,62.95709
,70.50339
,53.39273
,61.82447
,49.96822
,46.98721
,48.11184
,86.83389
,86.45918
,63.159
,59.61217
,79.86024
,75.3568
,89.4414
,52.91365
,87.44756
,68.43227
,61.52513
,67.62749
,67.66513
,66.59349
,79.93991
,78.30659
,53.74924
,64.44616
,86.59161
,53.08182
,64.75166
,89.09195
,85.27292
,64.82045
,73.84636
,83.27102
,86.9145
,72.95301
,71.82734
,63.86068
,56.01127
,52.74494
,50.65153
,47.91295
,57.93323
,76.1217
,70.03227
,76.96175
,65.28042
,45.16337
,87.50579
,46.76992
,49.53315
,83.3016
,69.89578
,77.5304
,54.39677
,47.79322
,55.68068
,73.4314
,72.74327
,71.72977
,73.77736
,104.8179
,75.72761
,62.63267
,75.65191
,49.24958
,39.00668
,65.64025
,61.55616
,63.21945
,82.71104
,81.61076
,49.8151
,61.5665
,84.22124
,61.08899
,93.96764
,76.9452
,55.20992
,73.85498
,62.85588
,60.96381
,64.36708
,50.70178
,54.37336
,51.70883
,52.35728
,47.24393
,57.87826
,49.58453
,54.56037
,45.58429
,74.83119
,52.35728
,41.536
,44.80959
,55.4745
,50.19702
,38.62948
,40.35435
,53.14175
,53.26141
,57.94422
,52.97377
,50.53829
,57.69097
,41.96296
,59.86793
,71.07893
,50.43741
,44.05017
,43.35091
,58.41474
,91.23139
,50.87727
,44.76694
,82.61092
,58.78411
,50.87727
,52.30862
,48.12507
,68.87736
,63.97024
,58.1307
,54.20919
,58.72994
,68.72005
,66.54568
,65.00678
,73.84636
,83.40852
,48.30992
,54.04453
,65.55291
,55.97716
,52.41804
,44.0935
,52.34512
,57.33677
,51.90544
,72.90936
,43.14483
,55.92027
,66.0367
,92.65773
,50.37426
,53.4404
,52.18678
,58.49098
,58.76245
,45.9321
,48.07213
,67.78732
,74.98417
,104.4223
,64.70248
,58.19637
,47.01429
,57.81223
,47.69989
,48.92535
,65.52377
,63.80084
,62.21453
,55.65781
,57.63577
,50.90228
,44.66729
,52.81731
,76.40552
,48.08537
,50.29838
,66.12341
,88.69807
,57.67994
,52.36944
,87.15588
,69.95951
,72.85696
,61.2659
,54.79324
,67.33503
,69.77728
,68.45087
,71.58763
,77.17651
,81.9921
,70.10496
,54.65364
,69.2093
,79.81239
,68.52523
,95.25953
,68.52523
,84.46278
,76.80442
,75.17919
,63.7709
,52.69664
,58.74078
,53.17767
,55.34812
,60.3551
,57.56946
,53.68998
,69.24609
,63.46067
,53.4404
,47.04137
,60.98469
,51.49911
,60.76508
,41.21288
,37.57689
,43.59985
,99.38708
,50.91479
,66.56481
,65.66934
,52.84141
,62.22477
,44.80959
,39.03931
,46.90584
,64.47578
,73.7083
,68.10589
,74.54992
,80.09903
,105.2542
,56.94683
,93.13743
,59.08657
,60.63923
,55.60059
,69.88667
,49.95547
,59.45177
,69.13567
,75.63508
,70.80074
,94.27876
,99.92369
,69.28285
,51.88091
,55.8861
,72.73452
,69.00664
,89.05621
,54.83969
,62.37804
,68.3578
,59.1727
,55.90888
,47.14951
,85.13096
,78.36348
,92.31355
,71.23997
,54.46695
,47.27087
,68.67371
,59.8892
,57.63577
,65.05573
,68.02171
,41.0271
,65.86295
,81.3764
,76.88726
,97.20448
,60.80697
,68.62735
,53.68998
,54.46695
,69.23689
,69.57626
,66.94627
,43.35091
,82.56467
,86.84856
,78.18455
,56.32862
,52.47873
,39.94207
,58.17448
,62.3372
,63.97024
,58.80577
,46.29106
,54.23268
,80.72447
,76.43051
,57.51414
,47.59299
,54.12693
,48.53342
,44.78116
,86.96576
,63.82079
,74.33613
,72.58557
,53.84391
,69.64943
,81.89888
,92.80876
,78.48524
,57.22562
,69.42054
,78.52579
,78.18455
,60.92203
,55.7949
,55.86332
,58.6323
,60.58671
,59.61217
,64.32751
,51.12691
,51.86863
,51.31335
,58.8815
,57.97717
,89.25615
,68.16195
,57.72407
,66.11378
,67.63689
,45.72373
,66.53611
,68.3578
,61.84506
,72.17218
,45.86275
,59.77215
,96.60666
,79.15562
,79.2601
,49.28835
,58.28382
,94.30577
,55.56623
,73.63052
,73.35332
,58.75162
,73.8205
,61.28668
,108.5827
,51.36295
,47.52607
,50.48788
,62.95709
,47.57962
,86.90717
,59.67622
,64.0498
,69.02509
,49.95547
,59.34459
,42.84871
,38.14856
,55.34812
,58.62144
,86.20108
,80.31333
,64.78115
,77.42358
,68.32054
,65.94022
,73.29255
,72.76077
,56.81252
,52.52723
,61.03687
,66.21
,76.20528
,62.2043
,61.40083
,69.85934
,72.55926
,81.1649
,68.94203
,80.38464
,50.57607
,48.25718
,42.74458
,57.91125
,48.09861
,52.24773
,45.24786
,51.31335
,46.68818
,42.83384
,45.61221
,33.5681
,51.54853
,62.78495
,75.74442
,39.84632
,57.58052
,42.35557
,52.25992
,49.87896
,47.67319
,50.3869
,48.99037
,62.16335
,55.8861
,58.29474
,57.7902
,48.33627
,48.71672
,48.84722
,45.20564
,56.73402
,45.23379
,45.02219
,45.3322
,48.79506
,42.22008
,55.35962
,52.00347
,51.91771
,46.6063
,50.07004
,48.03239
,45.90437
,54.87451
,52.43018
,50.52569
,49.06828
,35.48569
,70.61166
,63.70098
,61.21392
,45.58429
,60.59722
,55.35962
,53.1657
,40.18044
,46.90584
,51.4125
,55.81771
,68.18063
,68.67371
,48.8863
,68.87736
,38.18192
,64.87935
,58.43653
,50.28572
,48.24398
,59.22647
,42.86356
,56.43024
,58.01011
,54.5837
,79.8682
,60.71267
,39.28316
,47.31126
,63.12876
,50.13357
,62.28612
,63.48073
,47.20349
,44.79538
,53.21358
,47.28434
,45.9321
,57.58052
,50.63896
,47.52607
,49.78953
,62.85588
,47.93952
,66.40202
,44.41
,36.16099
,41.22832
,42.38562
,56.1475
,37.74593
,56.7901
,56.83493
,44.71002
,48.45466
,48.54654
,36.01987
,54.79324
,54.31479
,52.2721
,41.44394
,50.09546
,45.45842
,43.62904
,54.77
,41.16652
,44.23764
,43.27742
,48.65133
,62.24522
,42.31046
,66.47868
,52.84141
,52.64829
,64.86954
,47.21697
,51.11446
,51.91771
,42.12951
,54.74674
,57.92225
,56.76768
,43.97784
,49.10719
,51.80723
,45.98751
,45.8905
,45.57032
,66.70811
,49.82788
,47.43221
,50.01915
,46.18091
,38.79393
,42.17482
,48.33627
,48.3626
,55.81771
,54.56037
,47.43221
,55.78349
,64.30772
,49.78953
,56.04536
,50.12087
,48.80811
,41.84142
,42.59538
,49.17196
,61.02644
,45.58429
,61.05772
,49.71275
,50.43741
,69.43888
,51.23885
,47.21697
,44.36697
,48.52031
,56.70035
,61.09941
,48.62516
,48.84722
,50.71434
,41.76527
,45.07871
,46.05667
,43.96337
,37.27069
,46.9601
,36.84119
,47.97934
,55.26755
,46.29106
,39.92613
,50.52569
,55.2445
,43.96337
,54.46695
,40.79368
,64.39675
,64.01998
,54.60703
,47.36505
,51.8318
,56.58796
,44.48162
,64.67296
,58.24011
,47.14951
,40.62165
,46.05667
,45.47242
,50.51309
,53.93841
,56.7901
,44.35262
,48.40207
,38.46432
,46.31856
,49.43022
,44.59597
,39.78237
,44.52453
,41.75003
,49.6615
,50.08275
,63.35023
,57.37006
,53.36888
,45.4304
,55.9999
,46.75631
,56.65542
,53.90299
,46.9601
,43.96337
,47.48586
,55.90888
,55.58914
,51.12691
,43.57063
,50.68922
,55.34812
,42.77435
,42.26509
,40.81146
,65.52203
,62.98353
,62.43394
,59.06706
,41.35791
,41.52076
,
,39.08985
,59.08902
,55.66172
,62.40484
,48.29937
,47.24027
,63.37907
,53.50048
,39.67218
,45.67317
,45.17936
,53.28868
,41.28792
,47.72442
,33.471
,42.50915
,42.78215
,39.88377
,54.05893
,56.39562
,46.53728
,38.0687
,65.04951
,51.78258
,47.62604
,46.04509
,55.35278
,40.99096
,44.31554
,49.3977
,44.53088
,42.80641
,45.1851
,37.80334
,74.64129
,69.97848
,47.02433
,55.17398
,54.29743
,69.82288
,48.58587
,46.68818
,78.49335
,43.15958
,43.39495
,43.65821
,59.91045
,37.55994
,39.21828
,50.34898
,39.76636
,50.56348
,53.45231
,60.47102
,56.47535
,52.13795
,50.58865
,68.45087
,65.14375
,65.18282
,38.08175
,58.57799
,42.15973
,48.57276
,45.75157
,53.05782
,49.50743
,48.15152
,49.98096
,46.04285
,57.29234
,46.70181
,38.28183
,50.83971
,63.97024
,48.83419
,46.44209
,49.53315
,54.00918
,55.32511
,43.43893
,40.14874
,46.79714
,45.06459
,42.31046
,37.13379
,41.75003
,51.54853
,56.04536
,54.8629
,57.56946
,52.47873
,46.24978
,43.02662
,51.54853
,49.89172
,51.54853
,64.85972
,56.034
,49.78953
,54.87451
,47.55285
,49.40446
,59.48389
,44.12237
,51.72114
,55.7949
,50.27306
,56.94683
,62.25545
,48.1383
,45.37431
,46.76992
,53.06982
,62.31678
,49.02934
,59.98479
,52.38159
,56.5542
,54.83969
,47.61974
,45.38834
,45.52839
,55.60059
,60.32345
,50.39953
,63.58094
,47.24393
,45.82109
,49.8151
,52.64829
,45.03633
,40.37012
,48.61206
,56.70035
,44.32391
,66.87967
,60.7546
,47.41879
,46.89227
,49.41734
,50.73944
,54.56037
,42.90809
,41.59727
,51.40012
,49.31417
,52.612
,52.41804
,55.76066
,51.44963
,60.19667
,57.76817
,53.82026
,46.08431
,44.68154
,57.94422
,48.40207
,53.60692
,49.43022
,63.02783
,49.98096
,52.4059
,43.05621
,50.36163
,68.73858
,55.98853
,41.61257
,46.09812
,54.97882
,48.38892
,47.04137
,39.33175
,44.79538
,50.52569
,48.21758
,58.46921
,59.14042
,41.39783
,59.09734
,53.18964
,45.16337
,43.70194
,62.82549
,50.98976
,56.12481
,48.54654
,55.95441
,55.38261
,52.45446
,64.48566
,71.51646
,70.25916
,59.6015
,55.04825
,54.60703
,54.42017
,39.0882
,47.08195
,60.334
,55.97716
,43.61444
,63.38037
,57.50307
,56.19283
,51.89318
,47.85978
,42.90809
,47.51267
,55.63493
,47.61974
,62.63267
,47.0549
,68.57167
,79.15562
,41.97813
,49.27543
,53.39273
,48.33627
,68.27393
,53.28531
,52.4059
,65.88227
,41.8262
,90.11505
,49.94273
,53.12977
,52.55147
,48.45466
,61.85535
,101.171
,60.92203
,60.43943
,50.3869
,44.36697
,47.9528
,46.83793
,50.87727
,57.03619
,43.39495
,46.83793
,65.27066
,51.84408
,65.27066
,58.64316
,51.78265
,88.00634
,60.46049
,50.96478
,54.43187
,51.27611
,46.89227
,42.34054
,53.9856
,49.89172
,43.18907
,54.95566
,37.50906
,41.58196
,77.20126
,48.52031
,46.31856
,53.66626
,43.51215
,50.88977
,50.13357
,45.77939
,83.62196
,36.89299
,46.68818
,52.29645
,50.7896
,47.40536
,60.10142
,47.89966
,78.42844
,53.67812
,42.71478
,49.59737
,42.3706
,49.73836
,85.4221
,44.75272
,45.00805
,55.57769
,52.07687
,48.75591
,52.35728
,41.96296
,61.53547
,44.1368
,44.69578
,51.08954
,48.44152
,53.60692
,45.12106
,111.0637
,75.14531
,52.9377
,45.69587
,70.74677
,47.9528
,51.27611
,48.78201
,53.26141
,40.85605
,42.3706
,45.72373
,53.28531
,45.31816
,64.06969
,40.00578
,45.05046
,55.32511
,40.82488
,48.19117
,51.00224
,45.73765
,53.92661
,64.82045
,40.33857
,46.30481
,35.62892
,47.0549
,39.20204
,38.90863
,40.38589
,47.43221
,57.03619
,38.84313
,37.49208
,53.9148
,40.10114
,46.63361
,43.32153
,60.32345
,49.36578
,54.13869
,34.66898
,40.96498
,71.02517
,74.88222
,49.17196
,47.96607
,45.17746
,54.25615
,42.03875
,65.44599
,39.63808
,71.20422
,66.68903
,51.92997
,43.08577
,41.50534
,51.30094
,48.24398
,44.18004
,45.06459
,45.13517
,37.96455
,58.09783
,42.95258
,59.40892
,69.12646
,96.07803
,57.16998
,48.46779
,57.03619
,69.9868
,73.41405
,75.61825
,50.3869
,75.50029
,87.15588
,51.72114
,46.76992
,60.91158
,45.57032
,53.1657
,54.33822
,72.26033
,44.10794
,52.36944
,43.94888
,50.86475
,58.22918
,65.37787
,43.99232
,80.81905
,46.55162
,43.35091
,44.45298
,49.49458
,59.06502
,47.80654
,52.612
,60.58671
,51.84408
,71.35604
,63.22952
,56.58796
,41.90224
,46.85152
,52.33295
,56.64418
,32.66458
,53.73739
,61.61818
,56.11347
,63.21945
,86.06065
,50.43741
,39.13703
,76.0129
,56.74525
,48.40207
,65.96918
,56.39639
,44.73849
,53.96201
,55.87471
,59.77215
,55.50891
,89.56232
,52.49086
,49.14606
,80.91352
,54.25615
,66.79395
,48.29674
,65.83394
,62.65299
,56.40767
,52.16237
,42.50561
,81.64976
,44.43866
,56.98035
,42.55052
,50.39953
,83.46193
,78.87363
,55.04825
,47.72657
,58.74078
,73.79462
,60.02723
,78.63111
,72.27795
,60.78603
,49.43022
,61.82447
,49.92998
,57.0027
,50.87727
,52.32079
,44.79538
,43.80379
,57.7351
,50.01915
,52.34512
,56.01127
,50.63896
,71.6232
,54.72348
,48.00587
,53.59504
,34.72403
,39.28316
,53.15372
,89.09195
,56.26077
,42.98221
,52.90161
,47.56623
,42.55052
,50.39953
,96.30305
,50.14627
,48.28355
,87.54943
,64.5054
,51.90544
,71.68539
,59.71888
,57.27011
,56.98035
,57.02503
,59.7828
,75.98777
,67.33503
,46.34604
,53.1058
,55.41709
,54.94407
,43.64363
,55.05982
,63.2899
,57.71304
,55.41709
,70.48532
,54.72348
,55.8861
,59.67622
,54.25615
,59.56944
,48.46779
,41.70426
,45.97366
,54.09163
,53.58316
,44.12237
,47.31126
,88.69807
,74.23328
,71.46303
,65.01658
,51.95448
,40.55891
,38.74467
,43.33622
,49.36578
,40.06938
,47.31126
,82.96465
,54.66528
,54.47863
,60.10142
,48.78201
,44.39566
,73.56998
,46.76992
,51.01472
,45.7098
,56.67789
,52.10131
,38.69535
,48.05889
,55.25603
,52.87754
,53.20161
,47.88637
,49.35289
,58.45832
,52.81731
,53.59504
,49.22372
,34.59545
,54.61868
,47.28434
,41.93261
,52.5878
,39.60595
,42.38562
,45.59825
,28.02836
,44.45298
,43.08577
,42.98221
,37.98132
,41.49
,31.51392
,44.80959
,39.5577
,43.13007
,38.64596
,40.06938
,43.68737
,79.11539
,40.02169
,43.01183
,42.12951
,48.49406
,42.92293
,48.82115
,32.13405
,54.73512
,46.90584
,41.8262
,43.32153
,52.00347
,44.66729
,50.37426
,43.90541
,46.16712
,67.09825
,56.6217
,39.95801
,40.43315
,56.39639
,69.88667
,42.3255
,69.05275
,42.53555
,51.51147
,48.70365
,53.68998
,41.64315
,41.36707
,45.90437
,47.71323
,43.23327
,39.07191
,35.35988
,49.31417
,50.33634
,45.52839
,43.33622
,44.95143
,49.0553
,45.45842
,43.35091
,40.57461
,52.53935
,54.74674
,47.06843
,52.21117
,64.87935
,48.83419
,45.77939
,49.6615
,52.53935
,48.58587
,44.56741
,43.58524
,42.68496
,52.91365
,58.09783
,56.06807
,51.86863
,48.8863
,56.46408
,56.04536
,45.76548
,35.78937
,36.91025
,59.91045
,58.66487
,41.13557
,47.84647
,50.81466
,52.21117
,44.06462
,67.54271
,50.27306
,51.20156
,58.76245
,67.42007
,54.82808
,48.03239
,35.9491
,44.65303
,39.47715
,60.44996
,54.75837
,38.613
,42.02361
,51.97898
,50.41216
,50.83971
,50.34898
,39.71831
,36.99638
,46.5653
,37.6615
,39.29936
,46.68818
,53.41657
,65.02637
,51.79494
,44.69578
,52.15017
,42.3706
,51.13936
,52.34512
,60.02723
,34.87038
,51.59791
,44.26642
,49.14606
,42.56548
,44.23764
,40.98052
,51.70883
,50.15896
,69.13567
,45.26193
,42.83384
,45.34624
,67.41062
,56.958
,41.21288
,42.38562
,39.97394
,42.9674
,39.21828
,58.59972
,40.79368
,54.80486
,48.59896
,44.62451
,38.21526
,50.48788
,60.60772
,35.91367
,39.76636
,57.6689
,46.59263
,43.18907
,41.07362
,44.2808
,42.58043
,37.45811
,52.28428
,59.1727
,59.74019
,42.80411
,63.48073
,48.75591
,45.80719
,36.96196
,45.52839
,46.83793
,39.87827
,51.36295
,40.79368
,37.33895
,55.34812
,50.20971
,34.35539
,47.96607
,47.67319
,44.80959
,55.61204
,38.62948
,49.36578
,43.7165
,50.31104
,36.59847
,49.73836
,51.72114
,50.70178
,51.80723
,50.53829
,48.79506
,46.05667
,53.52372
,52.4666
,41.18198
,46.71544
,45.07871
,55.87471
,39.26695
,48.46779
,49.6102
,52.19897
,37.74593
,48.76896
,55.05982
,58.64316
,63.40045
,59.81474
,78.87363
,54.5487
,61.89651
,105.3933
,57.44769
,77.94805
,61.93764
,79.95583
,85.47426
,70.62067
,57.98815
,88.65499
,66.69857
,72.46268
,50.62639
,40.25958
,38.46432
,70.18664
,72.16335
,43.93439
,46.79714
,55.84052
,68.03107
,49.6615
,49.80231
,41.68899
,44.58169
,61.75235
,43.61444
,42.35557
,49.55885
,39.26695
,42.50561
,65.04594
,37.08232
,41.22832
,42.22008
,50.68922
,37.6446
,35.77158
,41.73478
,42.9674
,36.40662
,63.96029
,66.01742
,59.55876
,39.10448
,48.44152
,56.44152
,49.80231
,40.22794
,41.22832
,38.74467
,43.93439
,68.96049
,49.02934
,32.91697
,45.8905
,55.07138
,37.55994
,44.35262
,51.70883
,43.9199
,45.00805
,57.75714
,53.86755
,40.54322
,44.0935
,52.66038
,49.33998
,36.56366
,63.31002
,38.03157
,36.28402
,49.32708
,47.84647
,59.3982
,50.7896
,44.71002
,61.04729
,53.22554
,58.76245
,56.48662
,55.19839
,43.20381
,35.19747
,39.41259
,41.84142
,31.89543
,56.90209
,39.97394
,56.64418
,40.55891
,43.43893
,43.49752
,62.38825
,49.22372
,49.67432
,45.12106
,48.70365
,40.84047
,39.75035
,45.12106
,49.52029
,38.5635
,43.13007
,44.45298
,52.55147
,44.38132
,36.00219
,39.15329
,49.40446
,45.77939
,48.33627
,31.91538
,29.40289
,39.8623
,32.39058
,45.79329
,35.77158
,36.16099
,54.96724
,50.52569
,49.18491
,45.5144
,58.78411
,69.4022
,53.3092
,57.75714
,36.42411
,50.3869
,51.0272
,46.18091
,34.68734
,64.38686
,44.33827
,44.1368
,50.90228
,42.78923
,46.64725
,43.83285
,29.93928
,40.27539
,35.52155
,34.94334
,35.66464
,42.72968
,41.62786
,43.3656
,62.65299
,44.66729
,57.90026
,53.67812
,47.37849
,38.13187
,46.78353
,47.7799
,42.67004
,43.61444
,37.52603
,40.22794
,41.87184
,55.10604
,41.87184
,49.08125
,35.71815
,49.08125
,48.93837
,49.26251
,56.46408
,38.89227
,43.43893
,44.90892
,44.35262
,58.04302
,59.96356
,77.52219
,52.06464
,63.159
,67.17411
,47.00075
,35.50362
,57.37006
,42.93776
,36.61586
,48.19117
,34.31831
,41.56665
,40.38589
,48.58587
,59.33386
,31.04581
,40.37012
,48.01913
,54.03275
,43.68737
,38.74467
,67.68394
,63.34018
,50.43741
,62.87614
,34.65061
,54.27961
,45.83498
,34.77898
,55.41709
,48.65133
,32.35124
,64.8008
,76.93693
,63.34018
,42.09928
,43.02662
,45.64011
,60.71267
,47.27087
,45.64011
,56.5542
,37.16806
,55.20992
,44.18004
,34.41094
,51.00224
,46.34604
,49.14606
,47.88637
,47.17651
,44.49593
,52.6362
,60.86975
,57.45877
,55.54331
,32.9363
,41.29004
,69.1817
,49.23666
,46.67454
,46.63361
,47.32471
,47.73991
,47.55285
,45.00805
,44.30954
,42.23516
,41.13557
,44.07906
,24.12199
,56.87971
,34.66898
,40.76245
,43.80379
,48.57276
,41.67372
,39.42874
,45.4304
,42.3255
,50.19702
,40.74683
,46.55162
,45.3322
,45.47242
,50.12087
,47.69989
,46.9601
,54.80486
,44.48162
,42.9674
,62.40865
,64.49553
,60.48154
,77.06921
,41.84142
,43.01183
,48.78201
,70.98034
,54.56037
,70.03227
,47.49927
,42.03875
,42.205
,39.25073
,46.6609
,48.28355
,54.32651
,39.44488
,35.12505
,46.02902
,61.04729
,59.3124
,44.56741
,61.61818
,45.90437
,50.46265
,66.62217
,43.08577
,46.61995
,41.32087
,32.68406
,42.56548
,44.15121
,52.50299
,75.34836
,63.07831
,52.53935
,39.76636
,37.09949
,40.62165
,52.87754
,44.16563
,45.4304
,41.96296
,59.9954
,46.52427
,43.01183
,75.48342
,41.90224
,45.72373
,34.87038
,46.26355
,48.33627
,45.52839
,37.15093
,45.75157
,51.64724
,43.93439
,40.71557
,46.19469
,55.4745
,59.98479
,73.27518
,49.17196
,45.86275
,66.40202
,51.35055
,64.49553
,45.19155
,46.05667
,47.67319
,45.31816
,49.546
,75.36526
,50.33634
,65.1242
,51.0272
,47.80654
,55.65781
,94.44743
,61.15149
,59.8041
,63.72096
,46.67454
,52.41804
,52.81731
,45.82109
,41.73478
,62.86601
,38.28183
,40.60598
,39.25073
,34.24403
,60.32345
,71.97786
,41.38245
,77.34132
,61.27629
,56.27208
,50.81466
,44.30954
,63.78088
,55.69212
,35.14317
,49.58453
,69.76815
,80.03542
,46.5653
,47.19
,75.77803
,44.52453
,46.87869
,41.29004
,42.00845
,41.85663
,45.37431
,55.41709
,43.33622
,41.36707
,55.90888
,57.19224
,61.57684
,54.07986
,55.46302
,80.8663
,59.10812
,47.2574
,36.42411
,39.81436
,57.85626
,45.86275
,67.65572
,52.74494
,56.30601
,50.55088
,67.18359
,36.35413
,51.4125
,91.17555
,50.22238
,43.7165
,41.12009
,59.34459
,48.34943
,37.84699
,53.47613
,50.28572
,62.29634
,52.01571
,56.15883
,45.41639
,57.03619
,54.5487
,31.35189
,54.9093
,44.69578
,49.08125
,65.48489
,55.96579
,53.11778
,81.12568
,52.74494
,46.72907
,52.91365
,87.8543
,48.66442
,38.24856
,44.9231
,52.13795
,47.93952
,46.9601
,55.48597
,61.62851
,45.09283
,50.86475
,44.4673
,66.93676
,71.71203
,54.03275
,71.79188
,56.47535
,53.70184
,54.70021
,49.59737
,72.93555
,51.81952
,68.84038
,48.07213
,39.39643
,50.3869
,48.58587
,60.43943
,31.37219
,61.95819
,64.23838
,47.89966
,84.56824
,54.77
,50.32369
,43.40961
,37.04797
,39.75035
,54.66528
,61.46301
,56.35122
,59.51598
,45.23379
,53.05782
,38.31508
,47.9528
,49.45597
,42.87841
,54.00918
,46.31856
,84.3119
,69.39303
,42.23516
,47.83316
,55.3136
,48.27037
,49.6102
,44.26642
,45.5144
,56.71158
,41.85663
,56.65542
,59.37677
,68.20863
,49.36578
,56.83493
,74.60967
,59.95294
,54.57204
,94.17066
,100.5208
,60.97425
,49.91723
,57.492
,77.24248
,51.25127
,63.73095
,56.52042
,39.78237
,43.77472
,46.13953
,40.19628
,54.43187
,38.74467
,66.86063
,44.36697
,47.21697
,57.19224
,60.29178
,37.01359
,44.55312
,50.58865
,62.09162
,45.03633
,56.53168
,38.21526
,47.47245
,51.99123
,48.70365
,42.03875
,57.61367
,49.64869
,55.3136
,44.66729
,37.15093
,66.1619
,47.79322
,47.21697
,48.37576
,41.87184
,34.41094
,58.31657
,55.7264
,50.81466
,47.48586
,55.71497
,44.19445
,54.89771
,41.59727
,39.87827
,41.536
,49.08125
,45.47242
,44.4673
,50.85223
,54.39677
,40.63732
,57.10312
,52.53935
,32.95563
,62.76466
,42.43066
,61.13066
,44.42433
,59.51598
,66.17152
,49.43022
,51.53618
,36.52882
,53.03382
,41.94779
,48.50718
,48.75591
,42.50561
,48.46779
,56.41896
,30.77808
,37.83016
,32.83952
,34.02021
,43.93439
,45.16337
,37.50906
,47.57962
,47.1225
,34.87038
,54.59536
,49.75116
,55.74924
,54.8513
,41.8262
,39.46102
,47.28434
,40.82488
,46.55162
,42.43066
,59.86793
,43.43893
,50.03188
,42.89325
,48.96437
,49.67432
,72.13689
,70.20477
,81.93774
,42.90809
,49.19785
,46.91941
,45.9321
,62.99752
,29.38123
,48.17796
,68.53452
,42.35557
,48.25718
,31.45325
,48.46779
,49.62303
,53.21358
,39.1858
,51.52382
,57.80122
,46.57897
,44.15121
,33.73835
,31.37219
,42.56548
,49.68714
,48.84722
,38.85952
,37.54299
,43.8764
,38.48087
,42.86356
,52.34512
,33.37791
,54.61868
,35.30583
,68.3578
,40.5118
,40.18044
,42.61032
,50.75198
,56.40767
,38.84313
,40.32278
,34.37392
,35.25169
,41.35167
,39.16955
,39.23451
,49.57169
,49.50743
,48.25718
,51.56088
,51.73345
,50.24773
,46.90584
,52.2721
,69.41137
,50.6641
,66.66038
,58.42564
,54.82808
,51.48674
,51.96673
,42.15973
,45.79329
,31.39247
,46.4558
,66.21
,60.72316
,82.31756
,79.52472
,47.76657
,78.9946
,82.07747
,58.39294
,42.41565
,49.32708
,52.79319
,53.1058
,57.06967
,41.16652
,77.30839
,51.01472
,37.13379
,53.83208
,35.78937
,59.66555
,50.42479
,63.50079
,52.64829
,35.70032
,32.03484
,36.35413
,31.31125
,32.37091
,54.74674
,42.59538
,38.28183
,48.44152
,33.37791
,39.10448
,41.19743
,52.25992
,59.05424
,44.79538
,41.84142
,50.19702
,50.95229
,46.5653
,48.04564
,47.65983
,49.68714
,48.1383
,49.75116
,36.19618
,51.47438
,59.70821
,63.17916
,73.37068
,44.10794
,62.60217
,58.93554
,64.92839
,55.27906
,55.30209
,48.49406
,44.25203
,55.52038
,48.20438
,60.74412
,47.1225
,65.94987
,38.89227
,42.64019
,58.78411
,52.56358
,34.42944
,52.91365
,48.30992
,64.92839
,80.19434
,39.26695
,59.74019
,56.67789
,59.47318
,39.49327
,39.20204
,48.44152
,74.58407
,50.56348
,34.99795
,33.14824
,29.74729
,42.00845
,37.88062
,43.84737
,64.9676
,45.4304
,62.19407
,36.84119
,36.68534
,41.21288
,52.4666
,62.88626
,39.87827
,49.27543
,51.38773
,41.75003
,52.47873
,55.92027
,36.78931
,65.08508
,53.00981
,49.73836
,43.74562
,57.93323
,41.81098
,35.68248
,33.05207
,47.24393
,48.97738
,49.59737
,47.19
,61.2555
,68.17129
,69.61285
,46.30481
,49.86619
,60.70219
,82.79566
,67.07927
,61.54582
,42.72968
,32.87827
,70.15942
,74.84821
,64.5054
,50.97727
,62.65299
,37.94778
,37.4751
,40.06938
,45.95981
,55.02512
,35.50362
,53.82026
,52.8655
,59.34459
,53.34501
,57.65786
,52.21117
,36.77201
,38.13187
,69.71338
,52.56358
,65.98848
,55.77208
,55.55477
,49.6615
,54.70021
,64.06969
,52.15017
,31.69521
,51.90544
,42.71478
,45.91824
,48.86025
,37.52603
,32.44949
,64.46591
,68.16195
,50.55088
,43.21854
,38.90863
,60.63923
,58.95714
,53.55939
,43.86189
,70.80973
,44.71002
,86.31916
,84.03963
,81.63416
,62.72408
,51.32575
,68.00298
,79.79643
,79.93991
,40.49608
,68.43227
,69.14488
,47.14951
,49.15902
,53.58316
,52.56358
,49.40446
,65.33891
,66.34447
,45.21972
,50.98976
,47.23045
,61.15149
,66.5074
,59.59081
,46.67454
,61.27629
,67.8718
,51.03967
,53.6544
,46.97366
,50.85223
,36.85847
,54.1034
,83.81207
,44.52453
,78.39597
,63.70098
,43.04142
,55.05982
,56.10212
,48.82115
,37.45811
,44.62451
,52.23555
,37.77964
,82.47209
,50.15896
,32.19343
,44.56741
,34.03892
,72.48903
,50.97727
,45.5144
,48.40207
,55.05982
,67.62749
,48.42837
,45.68194
,56.2947
,59.81474
,74.76311
,55.95441
,69.05275
,73.58728
,85.00373
,50.60123
,40.55891
,47.43221
,47.44563
,57.6689
,38.92499
,43.96337
,43.59985
,43.17433
,34.48486
,32.97494
,48.00587
,65.65965
,45.41639
,40.60598
,46.09812
,52.2721
,37.09949
,50.82719
,49.0553
,43.07099
,59.7615
,39.03931
,36.85847
,35.84269
,43.8764
,58.02108
,49.69995
,63.85071
,39.58987
,56.74525
,66.33488
,54.27961
,49.26251
,54.66528
,48.01913
,49.84065
,61.94791
,32.37091
,35.91367
,46.18091
,38.03157
,54.25615
,40.63732
,44.83799
,49.69995
,40.71557
,37.76279
,83.54579
,47.51267
,43.14483
,52.8655
,63.08841
,56.47535
,43.5414
,49.71275
,44.26642
,44.71002
,89.31319
,72.34838
,44.05017
,33.45411
,58.85987
,47.0549
,49.35289
,60.09083
,50.46265
,43.81832
,48.82115
,47.40536
,42.44566
,60.22839
,38.99036
,45.20564
,53.48803
,50.80213
,38.90863
,42.205
,52.29645
,46.24978
,37.62768
,27.15153
,49.27543
,33.79491
,43.97784
,46.68818
,40.55891
,35.34187
,35.9491
,46.76992
,55.32511
,68.49735
,77.13526
,48.99037
,32.91697
,43.70194
,72.12806
,46.34604
,60.17552
,55.39411
,43.23327
,43.11531
,45.45842
,47.06843
,57.43661
,44.30954
,67.62749
,49.63586
,54.68857
,79.66869
,46.93298
,57.61367
,53.92661
,54.29134
,77.04442
,44.73849
,75.10294
,70.89059
,52.55147
,34.29976
,40.93389
,74.16465
,47.17651
,44.02125
,67.4767
,58.94634
,50.05732
,44.23764
,52.69664
,38.79393
,65.03616
,58.45832
,49.32708
,57.50307
,69.69511
,36.49395
,55.7949
,51.30094
,73.0315
,67.76854
,68.6088
,47.48586
,54.24442
,65.23164
,49.31417
,62.76466
,36.03754
,41.0271
,65.43626
,50.65153
,78.59872
,36.0905
,42.40064
,67.33503
,50.10817
,52.05241
,30.63295
,64.19872
,73.69102
,62.65299
,46.97366
,51.18913
,44.55312
,41.35167
,65.50433
,73.14474
,56.11347
,63.32007
,47.44563
,57.99913
,65.56261
,72.05741
,39.1858
,83.76648
,68.99741
,74.31043
,78.89783
,82.78028
,46.27731
,83.05668
,83.3016
,52.9377
,59.6015
,93.26721
,76.22199
,46.04285
,63.11867
,46.4695
,52.05241
,48.69057
,74.44738
,70.71076
,54.64199
,41.84142
,59.33386
,64.14912
,37.4241
,55.93165
,61.52513
,58.1307
,33.49215
,55.7264
,58.97873
,63.95034
,41.41321
,62.89639
,60.77555
,81.57955
,67.66513
,38.81034
,53.58316
,52.6362
,47.64647
,49.57169
,49.15902
,80.84268
,47.89966
,58.98952
,61.36972
,79.18778
,55.08294
,57.28122
,57.15884
,60.72316
,52.98578
,76.71319
,50.39953
,61.46301
,69.35632
,75.58456
,50.90228
,64.40663
,65.42654
,55.74924
,39.33175
,44.12237
,49.30126
,57.20337
,52.56358
,45.77939
,42.78923
,57.63577
,48.46779
,86.26752
,43.70194
,74.97568
,52.16237
,48.37576
,74.92472
,72.37477
,91.84341
,51.92997
,43.29213
,52.97377
,43.24799
,51.06461
,48.72978
,74.1303
,74.92472
,69.4022
,81.82111
,50.03188
,79.27617
,53.85573
,72.02206
,53.9148
,42.22008
,69.04353
,57.12542
,46.41467
,57.85626
,41.90224
,57.7351
,51.38773
,69.53966
,45.24786
,51.26369
,56.96918
,52.55147
,55.68068
,49.22372
,69.43888
,43.49752
,57.06967
,58.24011
,48.05889
,38.03157
,41.33627
,50.14627
,43.14483
,49.41734
,49.22372
,42.15973
,47.09547
,45.94596
,53.73739
,53.77292
,47.97934
,49.99369
,41.85663
,51.54853
,52.34512
,50.19702
,41.42858
,52.33295
,52.5999
,46.3323
,60.1226
,46.64725
,45.83498
,69.14488
,50.70178
,47.73991
,39.34793
,58.01011
,38.72824
,51.49911
,65.59174
,34.26262
,70.44015
,51.59791
,84.88382
,77.46469
,57.5584
,49.09422
,54.1034
,58.11974
,37.57689
,56.20416
,48.65133
,42.75947
,54.15044
,53.73739
,43.61444
,42.52058
,42.9674
,50.95229
,35.86045
,36.97918
,37.74593
,43.35091
,42.84871
,59.47318
,44.69578
,46.19469
,66.28687
,68.25528
,57.08082
,52.94973
,44.33827
,52.39375
,55.78349
,69.26447
,48.01913
,68.72932
,49.63586
,53.9148
,56.43024
,55.35962
,48.96437
,51.43726
,61.49408
,46.18091
,42.47565
,45.19155
,41.62786
,38.44777
,47.69989
,39.49327
,44.05017
,47.36505
,44.55312
,40.77807
,53.79659
,52.43018
,45.83498
,40.19628
,60.00601
,46.15333
,59.37677
,48.03239
,62.00954
,46.41467
,40.77807
